{"cameraMode":{"drawMode":0,"name":"Shaded","section":"Shading Mode"},"sceneLighting":false,"audioPlay":false,"sceneViewState":{"showFog":true,"showMaterialUpdate":true,"showSkybox":false,"showFlares":true,"showImageEffects":true,"showParticleSystems":true},"in2DMode":false,"pivot":{"x":1.7881393432617188e-7,"y":1.120115876197815,"z":0.01777815818786621},"rotation":{"x":0.0004418418975546956,"y":0.9694504141807556,"z":-0.24528084695339204,"w":0.001745988498441875},"size":5.0418267250061039,"orthographic":false}