{"cameraMode":{"drawMode":0,"name":"Shaded","section":"Shading Mode"},"sceneLighting":false,"audioPlay":false,"sceneViewState":{"showFog":true,"showMaterialUpdate":true,"showSkybox":false,"showFlares":true,"showImageEffects":true,"showParticleSystems":true},"in2DMode":false,"pivot":{"x":7.183022499084473,"y":-8.212244033813477,"z":1.3337440490722657},"rotation":{"x":-0.0004212372296024114,"y":-0.998263418674469,"z":0.05846544727683067,"w":-0.007191554177552462},"size":3.337972640991211,"orthographic":false}