{"cameraMode":{"drawMode":0,"name":"Shaded","section":"Shading Mode"},"sceneLighting":false,"audioPlay":false,"sceneViewState":{"showFog":true,"showMaterialUpdate":true,"showSkybox":false,"showFlares":true,"showImageEffects":true,"showParticleSystems":true},"in2DMode":false,"pivot":{"x":-0.01636326313018799,"y":0.9798823595046997,"z":0.0},"rotation":{"x":0.0004418418975546956,"y":0.9694504141807556,"z":-0.24528084695339204,"w":0.001745988498441875},"size":4.550716400146484,"orthographic":false}