{"cameraMode":{"drawMode":0,"name":"Shaded","section":"Shading Mode"},"sceneLighting":true,"audioPlay":false,"sceneViewState":{"showFog":true,"showMaterialUpdate":true,"showSkybox":true,"showFlares":true,"showImageEffects":true,"showParticleSystems":true},"in2DMode":false,"pivot":{"x":32.0352783203125,"y":-6.734750747680664,"z":6.194170951843262},"rotation":{"x":-0.11478725075721741,"y":-0.6995536684989929,"z":0.11540807038545609,"w":-0.6957941651344299},"size":53.3115119934082,"orthographic":false}