{"cameraMode":{"drawMode":0,"name":"Shaded","section":"Shading Mode"},"sceneLighting":true,"audioPlay":false,"sceneViewState":{"showFog":true,"showMaterialUpdate":true,"showSkybox":true,"showFlares":true,"showImageEffects":true,"showParticleSystems":true},"in2DMode":false,"pivot":{"x":32.68766403198242,"y":-4.73408317565918,"z":1.3151257038116456},"rotation":{"x":-0.11478725075721741,"y":-0.6995536684989929,"z":0.11540807038545609,"w":-0.6957941651344299},"size":58.21750259399414,"orthographic":false}