{"cameraMode":{"drawMode":0,"name":"Shaded","section":"Shading Mode"},"sceneLighting":false,"audioPlay":false,"sceneViewState":{"showFog":true,"showMaterialUpdate":true,"showSkybox":false,"showFlares":true,"showImageEffects":true,"showParticleSystems":true},"in2DMode":false,"pivot":{"x":2.384185791015625e-7,"y":1.566811442375183,"z":0.02040916681289673},"rotation":{"x":0.0004418418975546956,"y":0.9694504141807556,"z":-0.24528084695339204,"w":0.001745988498441875},"size":6.516534805297852,"orthographic":false}