{"cameraMode":{"drawMode":0,"name":"Shaded","section":"Shading Mode"},"sceneLighting":false,"audioPlay":false,"sceneViewState":{"showFog":true,"showMaterialUpdate":true,"showSkybox":false,"showFlares":true,"showImageEffects":true,"showParticleSystems":true},"in2DMode":false,"pivot":{"x":0.0,"y":0.8036624789237976,"z":0.015426576137542725},"rotation":{"x":0.0004418418975546956,"y":0.9694504141807556,"z":-0.24528084695339204,"w":0.001745988498441875},"size":3.5325450897216799,"orthographic":false}