{"cameraMode":{"drawMode":0,"name":"Shaded","section":"Shading Mode"},"sceneLighting":false,"audioPlay":false,"sceneViewState":{"showFog":true,"showMaterialUpdate":true,"showSkybox":false,"showFlares":true,"showImageEffects":true,"showParticleSystems":true},"in2DMode":false,"pivot":{"x":1.1920928955078126e-7,"y":0.7535274624824524,"z":0.016364753246307374},"rotation":{"x":0.0004418418975546956,"y":0.9694504141807556,"z":-0.24528084695339204,"w":0.001745988498441875},"size":3.931931257247925,"orthographic":false}